"1","10",4
"1","11",3
"1","12",6
"1","13",6
"1","14",2
"1","15",2
"1","16",4
"1","17",3
"1","18",4
"1","19",1
"1","2",6
"1","21",4
"1","22",3
"1","23",5
"1","24",4
"1","26",3
"1","27",1
"1","28",1
"1","3",1
"1","30",6
"1","31",3
"1","32",5
"1","33",3
"1","34",4
"1","35",2
"1","36",3
"1","37",2
"1","38",1
"1","39",2
"1","4",5
"1","40",2
"1","41",3
"1","42",4
"1","43",1
"1","44",4
"1","45",2
"1","46",4
"1","47",5
"1","49",1
"1","5",5
"1","52",3
"1","53",2
"1","54",4
"1","55",6
"1","56",5
"1","57",5
"1","58",3
"1","6",2
"1","60",5
"1","61",5
"1","62",1
"1","63",2
"1","66",1
"1","7",3
"1","70",2
"1","71",2
"1","72",2
"1","73",3
"1","74",3
"1","75",3
"1","8",3
"1","9",1
"10","11",8
"10","12",8
"10","13",8
"10","14",6
"10","15",1
"10","16",5
"10","17",5
"10","18",7
"10","19",2
"10","2",9
"10","20",1
"10","21",4
"10","22",5
"10","23",6
"10","24",7
"10","25",1
"10","26",4
"10","27",1
"10","28",1
"10","29",2
"10","3",2
"10","30",10
"10","31",6
"10","32",6
"10","33",3
"10","34",4
"10","35",4
"10","36",2
"10","37",1
"10","38",1
"10","39",4
"10","4",6
"10","40",1
"10","41",4
"10","42",6
"10","43",1
"10","44",6
"10","45",2
"10","46",8
"10","47",5
"10","48",3
"10","49",2
"10","5",8
"10","50",3
"10","52",5
"10","53",5
"10","54",2
"10","55",9
"10","56",6
"10","57",7
"10","58",6
"10","59",2
"10","6",5
"10","60",8
"10","61",9
"10","62",3
"10","63",1
"10","64",1
"10","65",1
"10","66",2
"10","67",3
"10","7",3
"10","70",5
"10","71",7
"10","72",3
"10","73",3
"10","74",3
"10","75",4
"10","8",4
"10","9",2
"11","12",8
"11","13",8
"11","14",7
"11","15",1
"11","16",5
"11","17",5
"11","18",7
"11","19",1
"11","2",7
"11","20",1
"11","21",2
"11","22",4
"11","23",7
"11","24",8
"11","25",1
"11","26",2
"11","27",1
"11","28",1
"11","29",1
"11","3",2
"11","30",9
"11","31",6
"11","32",5
"11","33",2
"11","34",3
"11","35",4
"11","36",1
"11","37",1
"11","38",1
"11","39",3
"11","4",6
"11","40",1
"11","41",4
"11","42",5
"11","43",1
"11","44",5
"11","45",3
"11","46",8
"11","47",6
"11","48",3
"11","49",2
"11","5",8
"11","50",3
"11","51",1
"11","52",4
"11","53",2
"11","54",3
"11","55",9
"11","56",5
"11","57",7
"11","58",6
"11","59",2
"11","6",6
"11","60",9
"11","61",9
"11","62",3
"11","63",1
"11","64",1
"11","65",1
"11","66",2
"11","67",2
"11","7",3
"11","70",4
"11","71",4
"11","72",3
"11","73",1
"11","74",2
"11","75",4
"11","8",3
"11","9",2
"12","13",14
"12","14",8
"12","15",3
"12","16",7
"12","17",6
"12","18",9
"12","19",3
"12","2",16
"12","20",1
"12","21",7
"12","22",5
"12","23",13
"12","24",16
"12","25",2
"12","26",4
"12","27",2
"12","28",1
"12","29",1
"12","3",1
"12","30",12
"12","31",8
"12","32",6
"12","33",4
"12","34",9
"12","35",3
"12","36",3
"12","37",3
"12","38",4
"12","39",5
"12","4",9
"12","40",2
"12","41",4
"12","42",8
"12","43",1
"12","44",10
"12","45",3
"12","46",12
"12","47",10
"12","48",4
"12","49",1
"12","5",9
"12","50",4
"12","52",5
"12","53",8
"12","54",6
"12","55",14
"12","56",8
"12","57",8
"12","58",8
"12","59",1
"12","6",6
"12","60",12
"12","61",12
"12","62",2
"12","63",3
"12","64",1
"12","65",1
"12","66",1
"12","67",3
"12","7",5
"12","70",3
"12","71",5
"12","72",4
"12","73",3
"12","74",3
"12","75",5
"12","8",4
"12","9",1
"13","14",7
"13","15",3
"13","16",8
"13","17",8
"13","18",10
"13","19",4
"13","2",14
"13","20",2
"13","21",9
"13","22",7
"13","23",13
"13","24",14
"13","25",1
"13","26",5
"13","27",3
"13","28",2
"13","29",2
"13","3",2
"13","30",11
"13","31",9
"13","32",6
"13","33",6
"13","34",8
"13","35",3
"13","36",3
"13","37",4
"13","38",3
"13","39",5
"13","4",10
"13","40",2
"13","41",6
"13","42",8
"13","43",2
"13","44",9
"13","45",5
"13","46",12
"13","47",9
"13","48",6
"13","49",2
"13","5",11
"13","50",6
"13","51",1
"13","52",6
"13","53",8
"13","54",6
"13","55",14
"13","56",9
"13","57",13
"13","58",10
"13","59",2
"13","6",6
"13","60",14
"13","61",15
"13","62",3
"13","63",3
"13","64",2
"13","65",2
"13","66",2
"13","67",3
"13","7",5
"13","70",5
"13","71",6
"13","72",5
"13","73",4
"13","74",4
"13","75",7
"13","8",4
"13","9",2
"14","15",3
"14","16",5
"14","17",6
"14","18",7
"14","19",1
"14","2",11
"14","20",2
"14","21",3
"14","22",4
"14","23",7
"14","24",11
"14","25",2
"14","26",2
"14","28",2
"14","29",2
"14","3",1
"14","30",10
"14","31",8
"14","32",3
"14","33",2
"14","34",5
"14","35",3
"14","36",1
"14","38",2
"14","39",4
"14","4",5
"14","40",1
"14","41",4
"14","42",6
"14","43",2
"14","44",9
"14","45",1
"14","46",9
"14","47",5
"14","48",4
"14","49",2
"14","5",8
"14","50",4
"14","51",1
"14","52",4
"14","53",6
"14","54",3
"14","55",9
"14","56",6
"14","57",6
"14","58",9
"14","59",1
"14","6",6
"14","60",9
"14","61",10
"14","62",2
"14","63",3
"14","64",2
"14","65",2
"14","66",1
"14","67",3
"14","7",2
"14","70",3
"14","71",5
"14","72",5
"14","73",2
"14","74",1
"14","75",5
"14","8",1
"14","9",1
"15","16",3
"15","17",1
"15","18",3
"15","19",1
"15","2",3
"15","20",1
"15","21",2
"15","22",2
"15","23",3
"15","24",3
"15","26",2
"15","28",1
"15","30",3
"15","31",3
"15","32",2
"15","33",1
"15","34",3
"15","35",2
"15","36",2
"15","38",2
"15","39",3
"15","4",3
"15","40",1
"15","41",1
"15","42",1
"15","43",1
"15","44",3
"15","46",4
"15","47",1
"15","5",3
"15","52",1
"15","53",2
"15","54",2
"15","55",3
"15","56",3
"15","57",3
"15","58",3
"15","60",3
"15","61",1
"15","63",2
"15","64",1
"15","65",1
"15","7",1
"15","71",2
"15","72",2
"15","73",2
"15","74",1
"15","75",1
"15","8",1
"16","17",4
"16","18",7
"16","19",1
"16","2",8
"16","20",1
"16","21",4
"16","22",4
"16","23",6
"16","24",6
"16","26",4
"16","28",1
"16","3",1
"16","30",5
"16","31",5
"16","32",4
"16","33",2
"16","34",5
"16","35",1
"16","36",2
"16","38",2
"16","39",2
"16","4",5
"16","40",2
"16","41",3
"16","42",3
"16","43",2
"16","44",7
"16","45",3
"16","46",6
"16","47",3
"16","48",2
"16","49",1
"16","5",7
"16","50",1
"16","51",1
"16","52",4
"16","53",5
"16","54",3
"16","55",8
"16","56",6
"16","57",8
"16","58",6
"16","6",3
"16","60",8
"16","61",7
"16","62",2
"16","63",3
"16","64",1
"16","65",1
"16","66",1
"16","67",1
"16","7",3
"16","70",2
"16","71",4
"16","72",3
"16","73",4
"16","74",3
"16","75",3
"16","8",2
"16","9",1
"17","18",4
"17","19",1
"17","2",9
"17","20",1
"17","21",5
"17","22",4
"17","23",7
"17","24",9
"17","25",1
"17","26",4
"17","27",1
"17","28",2
"17","29",2
"17","3",2
"17","30",9
"17","31",5
"17","32",3
"17","33",3
"17","34",3
"17","35",1
"17","36",1
"17","37",2
"17","38",1
"17","39",2
"17","4",4
"17","40",2
"17","41",3
"17","42",3
"17","43",3
"17","44",8
"17","45",4
"17","46",9
"17","47",6
"17","48",4
"17","49",1
"17","5",7
"17","50",5
"17","52",3
"17","53",3
"17","54",4
"17","55",9
"17","56",4
"17","57",6
"17","58",7
"17","59",2
"17","6",5
"17","60",9
"17","61",11
"17","62",2
"17","63",2
"17","64",1
"17","65",1
"17","66",2
"17","67",2
"17","7",3
"17","70",3
"17","71",4
"17","72",3
"17","73",3
"17","74",2
"17","75",5
"17","8",3
"17","9",2
"18","19",4
"18","2",11
"18","20",1
"18","21",5
"18","22",4
"18","23",13
"18","24",10
"18","25",2
"18","26",7
"18","27",1
"18","28",2
"18","29",2
"18","3",2
"18","30",11
"18","31",9
"18","32",6
"18","33",3
"18","34",6
"18","35",5
"18","36",2
"18","37",1
"18","38",2
"18","39",6
"18","4",8
"18","40",2
"18","41",4
"18","42",8
"18","43",3
"18","44",6
"18","45",2
"18","46",12
"18","47",7
"18","48",5
"18","49",2
"18","5",11
"18","50",3
"18","51",1
"18","52",6
"18","53",9
"18","54",5
"18","55",13
"18","56",5
"18","57",8
"18","58",10
"18","59",2
"18","6",4
"18","60",10
"18","61",12
"18","62",3
"18","63",3
"18","64",1
"18","65",1
"18","66",2
"18","67",3
"18","7",2
"18","70",4
"18","71",5
"18","72",3
"18","73",5
"18","74",3
"18","75",5
"18","8",4
"18","9",2
"19","2",3
"19","20",1
"19","21",2
"19","22",2
"19","23",2
"19","24",2
"19","26",3
"19","27",1
"19","28",1
"19","29",2
"19","3",1
"19","30",3
"19","31",3
"19","32",2
"19","33",2
"19","34",2
"19","35",2
"19","36",1
"19","37",1
"19","39",1
"19","4",2
"19","41",1
"19","42",2
"19","43",1
"19","44",1
"19","46",4
"19","47",2
"19","48",1
"19","49",1
"19","5",3
"19","50",2
"19","52",2
"19","53",3
"19","54",1
"19","55",4
"19","56",2
"19","57",2
"19","58",3
"19","59",1
"19","6",1
"19","60",3
"19","61",3
"19","62",1
"19","64",1
"19","65",1
"19","66",1
"19","67",1
"19","70",1
"19","71",2
"19","72",1
"19","73",1
"19","74",1
"19","75",2
"19","8",2
"19","9",1
"2","20",1
"2","21",9
"2","22",6
"2","23",15
"2","24",18
"2","25",3
"2","26",6
"2","27",3
"2","28",1
"2","29",2
"2","3",1
"2","30",15
"2","31",9
"2","32",5
"2","33",4
"2","34",10
"2","35",3
"2","36",3
"2","37",4
"2","38",2
"2","39",6
"2","4",8
"2","40",2
"2","41",4
"2","42",10
"2","43",2
"2","44",12
"2","45",4
"2","46",16
"2","47",10
"2","48",6
"2","49",1
"2","5",12
"2","50",5
"2","51",1
"2","52",6
"2","53",12
"2","54",6
"2","55",16
"2","56",8
"2","57",9
"2","58",12
"2","59",1
"2","6",7
"2","60",14
"2","61",17
"2","62",3
"2","63",4
"2","64",1
"2","65",1
"2","66",1
"2","67",4
"2","7",5
"2","70",5
"2","71",9
"2","72",4
"2","73",7
"2","74",3
"2","75",7
"2","8",3
"2","9",1
"20","22",2
"20","23",1
"20","24",1
"20","26",1
"20","28",1
"20","29",1
"20","3",1
"20","30",1
"20","31",1
"20","32",1
"20","33",1
"20","34",1
"20","35",1
"20","38",1
"20","39",1
"20","41",1
"20","42",1
"20","43",1
"20","44",1
"20","46",2
"20","47",1
"20","49",1
"20","5",1
"20","50",1
"20","52",1
"20","53",1
"20","55",2
"20","56",2
"20","57",2
"20","58",2
"20","59",1
"20","6",1
"20","60",2
"20","61",1
"20","62",1
"20","63",1
"20","64",2
"20","65",2
"20","66",1
"20","70",1
"20","71",2
"20","72",2
"20","75",1
"20","8",1
"20","9",1
"21","22",5
"21","23",9
"21","24",8
"21","25",1
"21","26",3
"21","27",2
"21","28",1
"21","29",2
"21","30",6
"21","31",5
"21","32",4
"21","33",4
"21","34",6
"21","35",2
"21","36",3
"21","37",3
"21","38",2
"21","39",4
"21","4",7
"21","40",1
"21","41",4
"21","42",5
"21","43",2
"21","44",6
"21","45",1
"21","46",5
"21","47",6
"21","48",3
"21","49",1
"21","5",7
"21","50",4
"21","52",6
"21","53",7
"21","54",3
"21","55",8
"21","56",4
"21","57",6
"21","58",4
"21","59",1
"21","6",2
"21","60",8
"21","61",9
"21","63",1
"21","67",3
"21","7",3
"21","70",2
"21","71",4
"21","72",2
"21","73",5
"21","74",3
"21","75",3
"21","8",1
"22","23",4
"22","24",4
"22","26",3
"22","27",1
"22","28",1
"22","29",1
"22","3",1
"22","30",5
"22","31",4
"22","32",4
"22","33",3
"22","34",6
"22","35",3
"22","36",2
"22","37",1
"22","38",1
"22","39",2
"22","4",4
"22","41",4
"22","42",3
"22","43",2
"22","44",6
"22","46",4
"22","47",4
"22","48",2
"22","49",2
"22","5",6
"22","50",2
"22","52",5
"22","53",4
"22","54",2
"22","55",7
"22","56",5
"22","57",6
"22","58",6
"22","59",1
"22","6",3
"22","60",8
"22","61",6
"22","62",1
"22","63",1
"22","64",2
"22","65",2
"22","66",1
"22","67",1
"22","7",1
"22","70",3
"22","71",6
"22","72",4
"22","73",3
"22","74",3
"22","75",3
"22","8",2
"22","9",1
"23","24",16
"23","25",3
"23","26",5
"23","27",3
"23","28",1
"23","29",2
"23","3",1
"23","30",13
"23","31",7
"23","32",5
"23","33",4
"23","34",8
"23","35",3
"23","36",2
"23","37",4
"23","38",4
"23","39",9
"23","4",10
"23","40",2
"23","41",3
"23","42",8
"23","43",2
"23","44",8
"23","45",4
"23","46",14
"23","47",9
"23","48",6
"23","49",1
"23","5",11
"23","50",5
"23","51",1
"23","52",7
"23","53",10
"23","54",6
"23","55",16
"23","56",5
"23","57",8
"23","58",9
"23","59",2
"23","6",4
"23","60",12
"23","61",15
"23","62",1
"23","63",3
"23","64",1
"23","65",1
"23","66",1
"23","67",3
"23","7",4
"23","70",3
"23","71",5
"23","72",3
"23","73",5
"23","74",2
"23","75",5
"23","8",3
"23","9",1
"24","25",2
"24","26",3
"24","27",2
"24","28",1
"24","29",2
"24","3",1
"24","30",13
"24","31",10
"24","32",4
"24","33",4
"24","34",7
"24","35",2
"24","36",1
"24","37",3
"24","38",4
"24","39",6
"24","4",10
"24","40",2
"24","41",4
"24","42",8
"24","43",1
"24","44",11
"24","45",4
"24","46",16
"24","47",10
"24","48",8
"24","49",1
"24","5",10
"24","50",7
"24","51",1
"24","52",4
"24","53",9
"24","54",8
"24","55",15
"24","56",6
"24","57",8
"24","58",11
"24","59",2
"24","6",6
"24","60",13
"24","61",16
"24","62",3
"24","63",3
"24","64",1
"24","65",1
"24","66",1
"24","67",6
"24","7",4
"24","70",4
"24","71",5
"24","72",4
"24","73",4
"24","74",3
"24","75",7
"24","8",3
"24","9",1
"25","26",1
"25","30",3
"25","33",1
"25","35",1
"25","38",1
"25","39",1
"25","4",1
"25","42",2
"25","44",1
"25","46",3
"25","47",2
"25","50",2
"25","52",1
"25","53",3
"25","55",1
"25","58",1
"25","6",2
"25","60",3
"25","61",4
"25","63",1
"25","70",1
"25","71",1
"25","73",1
"26","27",1
"26","28",2
"26","29",1
"26","3",2
"26","30",6
"26","31",3
"26","32",4
"26","33",2
"26","34",4
"26","35",2
"26","36",2
"26","38",1
"26","39",2
"26","4",3
"26","40",2
"26","41",2
"26","42",3
"26","43",3
"26","44",3
"26","45",1
"26","46",6
"26","47",3
"26","48",1
"26","49",1
"26","5",6
"26","50",2
"26","52",3
"26","53",4
"26","54",3
"26","55",6
"26","56",3
"26","57",4
"26","58",5
"26","59",1
"26","6",2
"26","60",6
"26","61",6
"26","62",2
"26","63",2
"26","64",1
"26","65",1
"26","66",2
"26","7",2
"26","70",3
"26","71",4
"26","72",2
"26","73",4
"26","74",2
"26","75",4
"26","8",3
"26","9",2
"27","30",3
"27","31",1
"27","32",1
"27","33",1
"27","34",2
"27","35",1
"27","36",1
"27","37",2
"27","39",1
"27","4",2
"27","41",1
"27","42",1
"27","45",1
"27","46",2
"27","47",1
"27","48",2
"27","5",3
"27","50",2
"27","52",1
"27","53",2
"27","54",1
"27","55",3
"27","56",1
"27","57",2
"27","58",1
"27","59",1
"27","60",3
"27","61",3
"27","7",1
"27","70",1
"27","71",1
"27","73",1
"27","75",2
"28","29",1
"28","3",1
"28","30",2
"28","31",2
"28","32",2
"28","33",1
"28","34",1
"28","35",1
"28","36",1
"28","38",1
"28","39",1
"28","4",1
"28","40",1
"28","41",2
"28","42",2
"28","43",2
"28","44",1
"28","46",2
"28","47",2
"28","49",1
"28","5",2
"28","50",1
"28","52",1
"28","54",1
"28","55",2
"28","56",2
"28","57",2
"28","58",1
"28","59",1
"28","6",1
"28","60",2
"28","61",2
"28","62",1
"28","63",1
"28","64",1
"28","65",1
"28","66",1
"28","7",1
"28","70",1
"28","71",1
"28","72",2
"28","73",1
"28","75",2
"28","8",1
"28","9",1
"29","3",1
"29","30",2
"29","31",2
"29","32",1
"29","33",1
"29","35",1
"29","37",1
"29","39",2
"29","4",1
"29","41",1
"29","42",2
"29","43",1
"29","44",1
"29","46",3
"29","47",2
"29","48",1
"29","49",1
"29","5",2
"29","50",2
"29","52",2
"29","53",2
"29","55",3
"29","56",1
"29","57",1
"29","58",2
"29","59",1
"29","6",1
"29","60",1
"29","61",3
"29","62",1
"29","64",1
"29","65",1
"29","66",1
"29","67",2
"29","70",1
"29","71",2
"29","72",1
"29","75",1
"29","8",1
"29","9",1
"3","30",2
"3","31",1
"3","32",2
"3","33",1
"3","35",1
"3","40",1
"3","41",1
"3","42",1
"3","43",1
"3","45",1
"3","46",2
"3","47",2
"3","49",1
"3","5",2
"3","50",1
"3","52",1
"3","54",1
"3","55",2
"3","56",1
"3","57",2
"3","58",2
"3","59",1
"3","6",2
"3","60",2
"3","61",2
"3","62",2
"3","63",1
"3","64",1
"3","65",1
"3","66",2
"3","7",1
"3","70",2
"3","71",1
"3","72",1
"3","74",1
"3","75",2
"3","8",2
"3","9",2
"30","31",9
"30","32",7
"30","33",5
"30","34",7
"30","35",6
"30","36",3
"30","37",3
"30","38",2
"30","39",6
"30","4",9
"30","40",2
"30","41",4
"30","42",8
"30","43",2
"30","44",9
"30","45",4
"30","46",15
"30","47",9
"30","48",5
"30","49",2
"30","5",12
"30","50",5
"30","52",6
"30","53",8
"30","54",6
"30","55",14
"30","56",7
"30","57",8
"30","58",10
"30","59",3
"30","6",7
"30","60",13
"30","61",14
"30","62",2
"30","63",3
"30","64",1
"30","65",1
"30","66",2
"30","67",2
"30","7",4
"30","70",4
"30","71",6
"30","72",4
"30","73",5
"30","74",3
"30","75",7
"30","8",5
"30","9",2
"31","32",4
"31","33",4
"31","34",5
"31","35",3
"31","36",2
"31","37",2
"31","38",1
"31","39",3
"31","4",5
"31","40",1
"31","41",4
"31","42",5
"31","43",2
"31","44",7
"31","45",2
"31","46",9
"31","47",4
"31","48",5
"31","49",2
"31","5",9
"31","50",3
"31","52",4
"31","53",6
"31","54",3
"31","55",10
"31","56",6
"31","57",7
"31","58",6
"31","59",2
"31","6",4
"31","60",7
"31","61",9
"31","62",2
"31","63",1
"31","64",1
"31","65",1
"31","66",1
"31","67",2
"31","7",2
"31","70",2
"31","71",4
"31","72",4
"31","73",4
"31","74",2
"31","75",5
"31","8",2
"31","9",1
"32","33",3
"32","34",4
"32","35",4
"32","36",3
"32","37",1
"32","38",2
"32","39",3
"32","4",5
"32","40",2
"32","41",4
"32","42",5
"32","43",2
"32","44",3
"32","45",1
"32","46",5
"32","47",6
"32","49",2
"32","5",6
"32","50",1
"32","52",4
"32","53",2
"32","54",3
"32","55",7
"32","56",5
"32","57",6
"32","58",3
"32","59",2
"32","6",3
"32","60",7
"32","61",5
"32","62",2
"32","63",2
"32","64",1
"32","65",1
"32","66",2
"32","67",1
"32","7",3
"32","70",3
"32","71",3
"32","72",3
"32","73",3
"32","74",3
"32","75",4
"32","8",4
"32","9",2
"33","34",2
"33","35",2
"33","36",1
"33","37",2
"33","38",1
"33","4",4
"33","41",2
"33","42",3
"33","43",1
"33","44",3
"33","45",2
"33","46",4
"33","47",3
"33","48",1
"33","49",2
"33","5",4
"33","50",3
"33","52",4
"33","53",4
"33","54",2
"33","55",5
"33","56",4
"33","57",4
"33","58",3
"33","59",2
"33","6",2
"33","60",5
"33","61",5
"33","62",1
"33","64",1
"33","65",1
"33","66",1
"33","70",1
"33","71",2
"33","72",2
"33","73",3
"33","74",2
"33","75",3
"33","8",3
"33","9",1
"34","35",2
"34","36",3
"34","37",1
"34","38",2
"34","39",3
"34","4",5
"34","40",1
"34","41",3
"34","42",4
"34","43",2
"34","44",7
"34","46",5
"34","47",4
"34","48",3
"34","49",1
"34","5",8
"34","50",1
"34","52",5
"34","53",6
"34","54",3
"34","55",9
"34","56",5
"34","57",5
"34","58",6
"34","6",3
"34","60",8
"34","61",6
"34","63",2
"34","64",1
"34","65",1
"34","7",3
"34","70",1
"34","71",5
"34","72",4
"34","73",4
"34","74",2
"34","75",4
"34","8",1
"35","36",2
"35","37",1
"35","38",1
"35","39",3
"35","4",4
"35","41",2
"35","42",4
"35","43",1
"35","44",1
"35","46",5
"35","47",4
"35","49",1
"35","5",4
"35","50",1
"35","52",3
"35","53",2
"35","54",1
"35","55",4
"35","56",3
"35","57",3
"35","58",4
"35","59",2
"35","6",2
"35","60",5
"35","61",3
"35","62",1
"35","63",1
"35","64",1
"35","65",1
"35","66",1
"35","67",1
"35","7",1
"35","70",2
"35","71",3
"35","72",1
"35","73",1
"35","74",1
"35","75",1
"35","8",3
"35","9",1
"36","37",1
"36","38",1
"36","39",2
"36","4",3
"36","40",1
"36","41",2
"36","42",2
"36","43",1
"36","44",2
"36","46",2
"36","47",2
"36","5",3
"36","52",2
"36","53",1
"36","54",1
"36","55",3
"36","56",3
"36","57",3
"36","58",1
"36","60",3
"36","61",2
"36","63",1
"36","7",2
"36","70",1
"36","71",2
"36","72",1
"36","73",2
"36","74",1
"36","75",1
"36","8",1
"37","39",2
"37","4",2
"37","41",1
"37","42",3
"37","44",1
"37","45",2
"37","46",3
"37","47",3
"37","48",1
"37","5",2
"37","50",1
"37","52",1
"37","53",2
"37","54",1
"37","55",4
"37","56",2
"37","57",2
"37","58",1
"37","59",1
"37","60",2
"37","61",4
"37","67",1
"37","7",1
"37","70",1
"37","71",1
"37","73",1
"37","75",1
"37","8",1
"38","39",3
"38","4",3
"38","40",1
"38","41",1
"38","42",2
"38","43",1
"38","44",2
"38","46",3
"38","47",2
"38","5",1
"38","50",1
"38","52",1
"38","53",2
"38","54",1
"38","55",3
"38","56",2
"38","57",2
"38","58",1
"38","59",1
"38","60",4
"38","61",2
"38","63",2
"38","64",1
"38","65",1
"38","67",1
"38","7",1
"38","71",1
"38","72",2
"38","73",1
"38","75",1
"38","8",1
"39","4",5
"39","40",1
"39","41",2
"39","42",5
"39","43",1
"39","44",3
"39","46",7
"39","47",4
"39","48",1
"39","5",4
"39","50",1
"39","52",2
"39","53",4
"39","54",2
"39","55",6
"39","56",3
"39","57",4
"39","58",3
"39","59",1
"39","60",4
"39","61",5
"39","63",2
"39","64",1
"39","65",1
"39","67",3
"39","7",2
"39","70",2
"39","71",4
"39","72",2
"39","73",2
"39","75",1
"39","8",1
"4","40",1
"4","41",5
"4","42",6
"4","43",1
"4","44",7
"4","45",2
"4","46",8
"4","47",6
"4","48",5
"4","49",1
"4","5",9
"4","50",5
"4","51",1
"4","52",6
"4","53",6
"4","54",6
"4","55",10
"4","56",6
"4","57",7
"4","58",8
"4","59",1
"4","6",1
"4","60",9
"4","61",10
"4","62",1
"4","63",1
"4","67",4
"4","7",2
"4","70",3
"4","71",4
"4","72",2
"4","73",3
"4","74",3
"4","75",3
"4","8",3
"40","41",1
"40","42",1
"40","43",1
"40","44",1
"40","45",1
"40","46",2
"40","47",2
"40","5",2
"40","54",2
"40","55",2
"40","56",1
"40","57",2
"40","58",1
"40","6",1
"40","60",2
"40","61",2
"40","62",1
"40","63",2
"40","66",1
"40","7",2
"40","70",1
"40","72",1
"40","73",1
"40","74",1
"40","75",2
"40","8",1
"40","9",1
"41","42",5
"41","43",2
"41","44",4
"41","46",2
"41","47",5
"41","48",2
"41","49",2
"41","5",5
"41","50",3
"41","52",3
"41","53",2
"41","54",3
"41","55",5
"41","56",5
"41","57",6
"41","58",3
"41","59",1
"41","6",2
"41","60",5
"41","61",6
"41","62",2
"41","63",1
"41","64",1
"41","65",1
"41","66",1
"41","67",2
"41","7",2
"41","70",4
"41","71",3
"41","72",3
"41","73",2
"41","74",2
"41","75",3
"41","8",1
"41","9",1
"42","43",2
"42","44",4
"42","45",1
"42","46",7
"42","47",9
"42","48",1
"42","49",2
"42","5",5
"42","50",2
"42","51",1
"42","52",3
"42","53",5
"42","54",3
"42","55",8
"42","56",6
"42","57",5
"42","58",5
"42","59",2
"42","6",4
"42","60",7
"42","61",10
"42","62",2
"42","63",2
"42","64",1
"42","65",1
"42","66",1
"42","67",4
"42","7",3
"42","70",5
"42","71",4
"42","72",3
"42","73",3
"42","74",1
"42","75",4
"42","8",3
"42","9",1
"43","44",2
"43","46",2
"43","47",2
"43","49",1
"43","5",3
"43","50",1
"43","52",2
"43","53",1
"43","54",1
"43","55",3
"43","56",2
"43","57",2
"43","58",2
"43","59",1
"43","6",1
"43","60",3
"43","61",3
"43","62",1
"43","63",1
"43","64",1
"43","65",1
"43","66",1
"43","7",1
"43","70",1
"43","71",2
"43","72",2
"43","73",2
"43","75",2
"43","8",1
"43","9",1
"44","45",2
"44","46",8
"44","47",5
"44","48",5
"44","49",1
"44","5",8
"44","50",4
"44","52",5
"44","53",7
"44","54",4
"44","55",11
"44","56",7
"44","57",7
"44","58",9
"44","6",4
"44","60",9
"44","61",10
"44","62",1
"44","63",2
"44","64",1
"44","65",1
"44","67",3
"44","7",2
"44","70",2
"44","71",6
"44","72",4
"44","73",4
"44","74",3
"44","75",3
"44","8",2
"45","46",5
"45","47",2
"45","48",2
"45","5",3
"45","50",1
"45","51",1
"45","52",1
"45","53",1
"45","54",2
"45","55",4
"45","56",2
"45","57",4
"45","58",3
"45","59",1
"45","6",2
"45","60",4
"45","61",5
"45","62",1
"45","63",1
"45","66",1
"45","7",2
"45","70",1
"45","73",1
"45","74",1
"45","75",2
"45","8",2
"45","9",1
"46","47",9
"46","48",6
"46","49",1
"46","5",10
"46","50",5
"46","51",1
"46","52",4
"46","53",8
"46","54",6
"46","55",15
"46","56",6
"46","57",8
"46","58",11
"46","59",3
"46","6",6
"46","60",13
"46","61",15
"46","62",3
"46","63",4
"46","64",2
"46","65",2
"46","66",2
"46","67",3
"46","7",3
"46","70",3
"46","71",7
"46","72",4
"46","73",5
"46","74",2
"46","75",6
"46","8",5
"46","9",2
"47","48",1
"47","49",2
"47","5",5
"47","50",3
"47","52",3
"47","53",3
"47","54",6
"47","55",9
"47","56",5
"47","57",6
"47","58",5
"47","59",2
"47","6",6
"47","60",9
"47","61",10
"47","62",2
"47","63",3
"47","64",1
"47","65",1
"47","66",2
"47","67",3
"47","7",4
"47","70",4
"47","71",2
"47","72",3
"47","73",2
"47","74",3
"47","75",4
"47","8",4
"47","9",2
"48","5",7
"48","50",5
"48","51",1
"48","52",3
"48","53",5
"48","54",2
"48","55",8
"48","56",1
"48","57",4
"48","58",7
"48","59",1
"48","6",1
"48","60",5
"48","61",8
"48","62",1
"48","67",3
"48","70",2
"48","71",3
"48","72",1
"48","73",1
"48","74",1
"48","75",3
"49","5",2
"49","50",1
"49","52",2
"49","53",1
"49","54",1
"49","55",2
"49","56",2
"49","57",2
"49","58",1
"49","59",1
"49","6",2
"49","60",2
"49","61",2
"49","62",1
"49","64",1
"49","65",1
"49","66",1
"49","70",1
"49","71",1
"49","72",2
"49","73",1
"49","74",1
"49","75",2
"49","8",1
"49","9",1
"5","50",5
"5","51",1
"5","52",8
"5","53",8
"5","54",5
"5","55",14
"5","56",6
"5","57",9
"5","58",11
"5","59",2
"5","6",4
"5","60",11
"5","61",12
"5","62",3
"5","63",2
"5","64",1
"5","65",1
"5","66",2
"5","67",2
"5","7",3
"5","70",4
"5","71",7
"5","72",4
"5","73",5
"5","74",3
"5","75",7
"5","8",3
"5","9",2
"50","52",3
"50","53",5
"50","54",2
"50","55",6
"50","56",2
"50","57",4
"50","58",5
"50","59",2
"50","6",2
"50","60",6
"50","61",8
"50","62",2
"50","64",1
"50","65",1
"50","66",1
"50","67",3
"50","70",3
"50","71",3
"50","72",1
"50","73",1
"50","74",1
"50","75",3
"50","8",1
"50","9",1
"51","52",1
"51","55",1
"51","57",1
"51","58",2
"51","60",2
"51","61",2
"51","67",1
"51","70",1
"51","75",1
"52","53",6
"52","54",1
"52","55",8
"52","56",4
"52","57",5
"52","58",6
"52","59",1
"52","6",2
"52","60",7
"52","61",7
"52","62",1
"52","64",1
"52","65",1
"52","66",1
"52","67",1
"52","7",1
"52","70",2
"52","71",5
"52","72",2
"52","73",3
"52","74",2
"52","75",2
"52","8",2
"52","9",1
"53","54",2
"53","55",10
"53","56",4
"53","57",5
"53","58",8
"53","59",1
"53","6",2
"53","60",8
"53","61",10
"53","62",1
"53","63",2
"53","64",1
"53","65",1
"53","67",3
"53","70",2
"53","71",6
"53","72",2
"53","73",5
"53","74",2
"53","75",3
"53","8",1
"54","55",5
"54","56",3
"54","57",4
"54","58",5
"54","6",2
"54","60",5
"54","61",6
"54","62",1
"54","63",2
"54","66",1
"54","67",1
"54","7",2
"54","70",2
"54","72",2
"54","73",2
"54","74",3
"54","75",4
"54","8",2
"54","9",1
"55","56",8
"55","57",10
"55","58",12
"55","59",3
"55","6",5
"55","60",14
"55","61",16
"55","62",3
"55","63",3
"55","64",2
"55","65",2
"55","66",2
"55","67",4
"55","7",3
"55","70",4
"55","71",8
"55","72",5
"55","73",5
"55","74",3
"55","75",7
"55","8",5
"55","9",2
"56","57",8
"56","58",5
"56","59",1
"56","6",3
"56","60",7
"56","61",7
"56","62",2
"56","63",2
"56","64",2
"56","65",2
"56","66",1
"56","67",1
"56","7",3
"56","70",3
"56","71",5
"56","72",4
"56","73",3
"56","74",2
"56","75",3
"56","8",3
"56","9",1
"57","58",7
"57","59",2
"57","6",4
"57","60",11
"57","61",10
"57","62",3
"57","63",3
"57","64",2
"57","65",2
"57","66",2
"57","67",2
"57","7",4
"57","70",5
"57","71",5
"57","72",4
"57","73",4
"57","74",4
"57","75",5
"57","8",3
"57","9",2
"58","59",1
"58","6",4
"58","60",11
"58","61",12
"58","62",3
"58","63",3
"58","64",2
"58","65",2
"58","66",2
"58","67",4
"58","7",1
"58","70",5
"58","71",7
"58","72",3
"58","73",2
"58","74",3
"58","75",5
"58","8",4
"58","9",2
"59","6",1
"59","60",3
"59","61",2
"59","62",1
"59","64",1
"59","65",1
"59","66",1
"59","67",1
"59","70",1
"59","71",1
"59","72",1
"59","73",1
"59","75",2
"59","8",2
"59","9",1
"6","60",7
"6","61",7
"6","62",2
"6","63",2
"6","64",1
"6","65",1
"6","66",2
"6","7",3
"6","70",2
"6","71",2
"6","72",3
"6","73",1
"6","74",2
"6","75",4
"6","8",2
"6","9",2
"60","61",16
"60","62",2
"60","63",4
"60","64",2
"60","65",2
"60","66",2
"60","67",3
"60","7",4
"60","70",5
"60","71",6
"60","72",5
"60","73",5
"60","74",4
"60","75",8
"60","8",4
"60","9",2
"61","62",3
"61","63",3
"61","64",1
"61","65",1
"61","66",2
"61","67",5
"61","7",4
"61","70",7
"61","71",7
"61","72",4
"61","73",5
"61","74",3
"61","75",8
"61","8",3
"61","9",2
"62","63",1
"62","64",1
"62","65",1
"62","66",2
"62","67",1
"62","7",1
"62","70",3
"62","71",3
"62","72",1
"62","73",1
"62","74",1
"62","75",2
"62","8",2
"62","9",2
"63","64",1
"63","65",1
"63","66",1
"63","7",2
"63","70",1
"63","71",1
"63","72",2
"63","73",1
"63","74",1
"63","75",2
"63","8",1
"63","9",1
"64","65",2
"64","66",1
"64","70",1
"64","71",2
"64","72",2
"64","75",1
"64","8",1
"64","9",1
"65","66",1
"65","70",1
"65","71",2
"65","72",2
"65","75",1
"65","8",1
"65","9",1
"66","7",1
"66","70",2
"66","71",1
"66","72",1
"66","74",1
"66","75",2
"66","8",2
"66","9",2
"67","70",3
"67","71",2
"67","74",1
"67","75",1
"67","8",1
"7","70",2
"7","71",1
"7","72",1
"7","73",1
"7","74",1
"7","75",2
"7","8",1
"7","9",1
"70","71",4
"70","72",1
"70","73",1
"70","74",2
"70","75",3
"70","8",2
"70","9",2
"71","72",3
"71","73",4
"71","74",1
"71","75",2
"71","8",2
"71","9",1
"72","73",2
"72","74",1
"72","75",4
"72","8",1
"72","9",1
"73","74",2
"73","75",3
"73","8",1
"74","75",2
"74","8",2
"74","9",1
"75","8",2
"75","9",2
"8","9",2
